{"cameraMode":{"drawMode":0,"name":"Shaded","section":"Shading Mode"},"sceneLighting":true,"audioPlay":false,"sceneViewState":{"m_AlwaysRefresh":false,"showFog":true,"showSkybox":true,"showFlares":true,"showImageEffects":true,"showParticleSystems":true,"showVisualEffectGraphs":true,"m_FxEnabled":true},"in2DMode":false,"pivot":{"x":-344.7330322265625,"y":111.93431091308594,"z":1741.771240234375},"rotation":{"x":0.02419048361480236,"y":-0.09370547533035279,"z":0.0024087217170745136,"w":0.99543297290802},"size":956.2650756835938,"orthographic":false}